timestamp_ms,datetime_utc,open,high,low,close,volume
1741737600000,2025-03-12 00:00:00,82908.61,84433.68,80572,83660.81,924.72005279
1741824000000,2025-03-13 00:00:00,83660.81,84305.73,79896.79,81054.05,627.72006123
1741910400000,2025-03-14 00:00:00,81054.05,85318,80797.51,83966.64,842.56039125
1741996800000,2025-03-15 00:00:00,83966.64,84678.99,83639.43,84327.77,137.31054827
1742083200000,2025-03-16 00:00:00,84327.77,85108,81968.04,82571.6,234.11952344
1742169600000,2025-03-17 00:00:00,82571.6,84749.03,82431.58,83998.03,557.56635058
1742256000000,2025-03-18 00:00:00,83998.03,84021.7,81118.74,82682.71,600.42893243
1742342400000,2025-03-19 00:00:00,82682.71,87035.39,82524.42,86887.05,811.6378735
1742428800000,2025-03-20 00:00:00,86887.05,87486.72,83583.57,84188.08,637.64706357
1742515200000,2025-03-21 00:00:00,84188.08,84807.02,83117.67,84037.67,345.11044187
1742601600000,2025-03-22 00:00:00,84037.67,84472.24,83657.58,83833.52,80.42007869
1742688000000,2025-03-23 00:00:00,83833.52,86117.92,83800.77,86085.19,142.81608031
1742774400000,2025-03-24 00:00:00,86085.19,88806.34,85551.29,87523.72,590.48129782
1742860800000,2025-03-25 00:00:00,87523.72,88580.34,86320.59,87463.22,497.20429655
1742947200000,2025-03-26 00:00:00,87463.22,88289.98,85851.45,86907.25,524.34381008
1743033600000,2025-03-27 00:00:00,86907.25,87771.42,85826,87223.2,594.77478335
1743120000000,2025-03-28 00:00:00,87223.2,87504.15,83528,84375,584.1849349
1743206400000,2025-03-29 00:00:00,84375,84582.02,81625.92,82593.16,129.06854523
1743292800000,2025-03-30 00:00:00,82593.16,83542.04,81529.17,82324.11,140.0079296
1743379200000,2025-03-31 00:00:00,82324.11,83921.11,81274.96,82558.5,388.23686895
1743465600000,2025-04-01 00:00:00,82558.5,85560.92,82415.85,85198.57,601.22645689
1743552000000,2025-04-02 00:00:00,85198.57,88545.99,82261.99,82481.46,840.99761723
1743638400000,2025-04-03 00:00:00,82481.46,83933.3,81172.08,83151.13,651.14349735
1743724800000,2025-04-04 00:00:00,83151.13,84712.65,81649,83838.7,836.68714514
1743811200000,2025-04-05 00:00:00,83838.7,84218.15,82352.58,83495.56,92.73637343
1743897600000,2025-04-06 00:00:00,83495.56,83728.04,77082.44,78361.24,521.43181472
1743984000000,2025-04-07 00:00:00,78361.24,81371.56,74415,79115.45,2173.90376809
1744070400000,2025-04-08 00:00:00,79115.45,80828.34,76180.3,76237.27,1135.20720148
1744156800000,2025-04-09 00:00:00,76237.27,83579.4,74553.72,82586.73,2298.11816981
1744243200000,2025-04-10 00:00:00,82586.73,82727.07,78400,79544.1,960.73556597
1744329600000,2025-04-11 00:00:00,79544.1,84268.13,78950.9,83379.99,965.09132073
1744416000000,2025-04-12 00:00:00,83379.99,85882.67,82400,85275.34,342.18708522
1744502400000,2025-04-13 00:00:00,85275.34,86063.44,83019.44,83739.36,273.68488366
1744588800000,2025-04-14 00:00:00,83739.36,85865.09,83665.21,84590.6,837.45658647
1744675200000,2025-04-15 00:00:00,84590.6,86481.88,83580.85,83619.03,547.96091472
1744761600000,2025-04-16 00:00:00,83619.03,85511.4,83081.95,84025.11,667.13421943
1744848000000,2025-04-17 00:00:00,84025.11,85476.35,83724.38,84902.88,536.48829321
1744934400000,2025-04-18 00:00:00,84902.88,85126.85,84306.73,84468.38,230.83284884
1745020800000,2025-04-19 00:00:00,84468.38,85592.3,84356.39,85064.34,139.59601059
1745107200000,2025-04-20 00:00:00,85064.34,85324.07,83988.8,85164.64,183.06240172
1745193600000,2025-04-21 00:00:00,85164.64,88603.27,85151.12,87516.88,787.92178171
1745280000000,2025-04-22 00:00:00,87516.88,93883,87068.11,93472.89,1320.60167027
1745366400000,2025-04-23 00:00:00,93472.89,94712.79,91921.96,93728.99,727.89592078
1745452800000,2025-04-24 00:00:00,93728.99,94045.22,91678.01,94013.68,565.59774122
1745539200000,2025-04-25 00:00:00,94013.68,95942,92865.97,94709.17,968.19036496
1745625600000,2025-04-26 00:00:00,94709.17,95258.96,93913.34,94637.94,129.34266379
1745712000000,2025-04-27 00:00:00,94637.94,95342.53,93661.29,93776.09,172.07900764
1745798400000,2025-04-28 00:00:00,93776.09,95766.21,92810.4,94979.63,523.30688522
1745884800000,2025-04-29 00:00:00,94979.63,95500,93225.81,94296.87,666.01397653
1745971200000,2025-04-30 00:00:00,94296.87,95254.32,92889.19,94203,632.37447109
1746057600000,2025-05-01 00:00:00,94203,97544,94160.56,96520.27,670.64489622
1746144000000,2025-05-02 00:00:00,96520.27,97965.32,96366.11,96933.59,469.27260128
1746230400000,2025-05-03 00:00:00,96933.59,96962.8,95798.92,95882.19,108.8014874
1746316800000,2025-05-04 00:00:00,95882.19,96302.12,94161.24,94327.17,164.78861764
1746403200000,2025-05-05 00:00:00,94327.17,95207,93502.55,94726.73,448.16456986
1746489600000,2025-05-06 00:00:00,94726.73,96894.12,93324,96831.02,649.4104859
1746576000000,2025-05-07 00:00:00,96831.02,97705.29,95798.92,97082.09,482.8822797
1746662400000,2025-05-08 00:00:00,97082.09,104191.1,96886.39,103264.59,937.23699471
1746748800000,2025-05-09 00:00:00,103264.59,104335,102332.09,102971.79,512.15050722
1746835200000,2025-05-10 00:00:00,102971.79,104986.37,102833.83,104787.95,211.70543539
1746921600000,2025-05-11 00:00:00,104787.95,105000,103354.2,104113.35,204.37988928
1747008000000,2025-05-12 00:00:00,104113.35,105771,100712.78,102805.49,717.82871115
1747094400000,2025-05-13 00:00:00,102805.49,105079.36,101437.45,104141.97,637.91167746
1747180800000,2025-05-14 00:00:00,104141.97,104383.51,102609.38,103539.22,349.05353641
1747267200000,2025-05-15 00:00:00,103539.22,104209.21,101400,103795.1,421.64046568
1747353600000,2025-05-16 00:00:00,103795.1,104622.06,103126.74,103518.79,349.70292768
1747440000000,2025-05-17 00:00:00,103518.79,103727.98,102641.25,103146.12,206.6335058
1747526400000,2025-05-18 00:00:00,103146.12,106666,103127,106496.4,330.90715443
1747612800000,2025-05-19 00:00:00,106496.4,107115.26,102096.86,105621.36,568.5684505
1747699200000,2025-05-20 00:00:00,105621.36,107348.11,104195.93,106887.51,565.84788524
1747785600000,2025-05-21 00:00:00,106887.51,110000,106122.84,109546.94,1157.21401388
1747872000000,2025-05-22 00:00:00,109546.94,112006.21,109174,111718.08,892.72983014
1747958400000,2025-05-23 00:00:00,111718.08,111794,106799.33,107317.88,828.00369402
1748044800000,2025-05-24 00:00:00,107317.88,109500,106929.69,107780.71,223.87721838
1748131200000,2025-05-25 00:00:00,107780.71,109382.53,106633.69,109028.9,222.63778177
1748217600000,2025-05-26 00:00:00,109028.9,110480.37,108729.46,109474.08,201.08563488
1748304000000,2025-05-27 00:00:00,109474.08,110823.08,107546.01,108970.22,711.87627531
1748390400000,2025-05-28 00:00:00,108970.22,109332.99,106786.54,107829.9,579.73178165
1748476800000,2025-05-29 00:00:00,107829.9,108944.96,105310.54,105570.64,830.29316828
1748563200000,2025-05-30 00:00:00,105570.64,106338.45,103662.25,104032.32,680.97272413
1748649600000,2025-05-31 00:00:00,104032.32,104950,103090.29,104640.01,295.30820293
1748736000000,2025-06-01 00:00:00,104640.01,105909,103812.69,105684.05,230.73791876
1748822400000,2025-06-02 00:00:00,105684.05,106024,103696.59,105890.01,445.82642426
1748908800000,2025-06-03 00:00:00,105890.01,106888,104933.72,105448.5,432.85423792
1748995200000,2025-06-04 00:00:00,105448.5,106043.72,104203.73,104737.96,418.16914337
1749081600000,2025-06-05 00:00:00,104737.96,105973.43,100400.22,101551.24,869.09770471
1749168000000,2025-06-06 00:00:00,101551.24,105434.16,101166.32,104366.05,608.58831638
1749254400000,2025-06-07 00:00:00,104366.05,105956,103964.8,105607.14,79.12016094
1749340800000,2025-06-08 00:00:00,105607.14,106500,105021.59,105794.14,114.49953981
1749427200000,2025-06-09 00:00:00,105794.14,110524.63,105365.78,110320.27,513.80517149
1749513600000,2025-06-10 00:00:00,110320.27,110398.98,108351.46,110292,460.51154477
1749600000000,2025-06-11 00:00:00,110292,110400,108088.22,108666.73,513.62915046
1749686400000,2025-06-12 00:00:00,108666.73,108836.07,105586,105697.61,554.48170081
1749772800000,2025-06-13 00:00:00,105697.61,106222,102792.3,106102.81,617.45860225
1749859200000,2025-06-14 00:00:00,106102.81,106265.11,104354.18,105453.05,175.96848908
1749945600000,2025-06-15 00:00:00,105453.05,106169.43,104513,105598.71,135.18391375
1750032000000,2025-06-16 00:00:00,105598.71,108995.77,104985.95,106868.33,578.72220821
1750118400000,2025-06-17 00:00:00,106868.33,107844.2,103344.05,104581.47,535.72417161
1750204800000,2025-06-18 00:00:00,104581.47,105571.66,103507.54,104898.45,415.82884803
1750291200000,2025-06-19 00:00:00,104898.45,105232.92,103906.17,104670.82,174.40287611
1750377600000,2025-06-20 00:00:00,104670.82,106532.36,102361.92,103281.57,395.94081455
1750464000000,2025-06-21 00:00:00,103281.57,104018.27,100920.73,102129.33,301.27162296
1750550400000,2025-06-22 00:00:00,102129.33,103417.2,98247.01,100995.52,645.7596979
1750636800000,2025-06-23 00:00:00,100995.52,106123.5,99661.76,105399.53,637.74825036
1750723200000,2025-06-24 00:00:00,105399.53,106350.49,104700,106125,481.59621864
1750809600000,2025-06-25 00:00:00,106125,108205.19,105873.64,107412.19,454.75574028
1750896000000,2025-06-26 00:00:00,107412.19,108337.43,106615.15,107004.81,424.75661714
1750982400000,2025-06-27 00:00:00,107004.81,107819.88,106416.06,107102.3,437.88908885
1751068800000,2025-06-28 00:00:00,107102.3,107613.59,106856.99,107335.1,128.3050562
1751155200000,2025-06-29 00:00:00,107335.1,108544.64,107227.31,108398.57,191.77457427
1751241600000,2025-06-30 00:00:00,108398.57,108833.07,106723.31,107173.53,489.3043567
1751328000000,2025-07-01 00:00:00,107173.53,107587.72,105265,105720.49,671.14848463
1751414400000,2025-07-02 00:00:00,105720.49,109821.34,105117.45,108876.41,563.79206533
1751500800000,2025-07-03 00:00:00,108876.41,110589.93,108579.77,109643.09,594.33705552
1751587200000,2025-07-04 00:00:00,109643.09,109826.19,107285.78,108029.87,325.52240572
1751673600000,2025-07-05 00:00:00,108029.87,108449.99,107802.35,108234.37,83.0906494
1751760000000,2025-07-06 00:00:00,108234.37,109716.62,107843.53,109202.97,195.85350928
1751846400000,2025-07-07 00:00:00,109202.97,109754.18,107495,108311.92,539.23101163
1751932800000,2025-07-08 00:00:00,108311.92,109269.36,107443.73,108949,426.6117853
1752019200000,2025-07-09 00:00:00,108949,112074.66,108332.36,111274,810.88950535
1752105600000,2025-07-10 00:00:00,111274,116739.39,110537.58,116023.84,1096.45120742
1752192000000,2025-07-11 00:00:00,116023.84,118930.1,115210.17,117578.39,878.01849785
1752278400000,2025-07-12 00:00:00,117578.39,118233,116947.86,117425,214.14728043
1752364800000,2025-07-13 00:00:00,117425,119500,117278.51,119161.08,255.43246549
1752451200000,2025-07-14 00:00:00,119161.08,123195.14,118962.03,119901.12,836.87340737
1752537600000,2025-07-15 00:00:00,119901.12,119979.04,115724.37,117773.03,1309.32565628
1752624000000,2025-07-16 00:00:00,117773.03,120180.43,117034.6,118730.79,650.05334755
1752710400000,2025-07-17 00:00:00,118730.79,121013.25,117500.01,119263.83,534.56618909
1752796800000,2025-07-18 00:00:00,119263.83,120921.67,116861.7,118025.81,899.67646569
1752883200000,2025-07-19 00:00:00,118025.81,118551.99,117342.56,117905.36,101.15291317
1752969600000,2025-07-20 00:00:00,117905.36,118913.6,116525.25,117321.73,243.63085842
1753056000000,2025-07-21 00:00:00,117321.73,119701.46,116579.84,117436.34,537.10395838
1753142400000,2025-07-22 00:00:00,117436.34,120298,116211.22,120025.35,694.58247183
1753228800000,2025-07-23 00:00:00,120025.35,120194.9,117342.56,118792.87,768.49521957
1753315200000,2025-07-24 00:00:00,118792.87,119568.97,117166,118399.55,696.45117086
1753401600000,2025-07-25 00:00:00,118399.55,118521.29,114747.11,117647.65,1318.40399422
1753488000000,2025-07-26 00:00:00,117647.65,118334.43,117101.21,117982.6,468.82025389
1753574400000,2025-07-27 00:00:00,117982.6,119814.9,117856.26,119458.3,555.17588519
1753660800000,2025-07-28 00:00:00,119458.3,119855.4,117400,118067.41,771.12212417
1753747200000,2025-07-29 00:00:00,118067.41,119317.03,116922.85,117917.53,583.90499978
1753833600000,2025-07-30 00:00:00,117917.53,118841,115740.06,117841.09,600.19746725
1753920000000,2025-07-31 00:00:00,117841.09,118927.24,115489.36,115744.4,740.00862415
1754006400000,2025-08-01 00:00:00,115744.4,116060.61,112655.67,113320,797.78295943
1754092800000,2025-08-02 00:00:00,113320,114021.01,111969.62,112515.95,205.20993245
1754179200000,2025-08-03 00:00:00,112515.95,114768.94,111929.28,114209.61,139.51119688
1754265600000,2025-08-04 00:00:00,114209.61,115773.82,114118.24,115057.51,416.06885815
1754352000000,2025-08-05 00:00:00,115057.51,115118.64,112623.49,114138.95,453.53259912
1754438400000,2025-08-06 00:00:00,114138.95,115743.75,113345.88,115035.3,343.45836848
1754524800000,2025-08-07 00:00:00,115035.3,117697.65,114291.58,117546.23,409.78448601
1754611200000,2025-08-08 00:00:00,117546.23,117689.44,115870.83,116679.65,413.53214493
1754697600000,2025-08-09 00:00:00,116679.65,117935.15,116315.8,116499.89,110.27544147
1754784000000,2025-08-10 00:00:00,116499.89,119328.14,116499.89,119296.88,205.42296648
1754870400000,2025-08-11 00:00:00,119296.88,122311,118118.9,118676.28,589.06851819
1754956800000,2025-08-12 00:00:00,118676.28,120320.31,118203.98,120123.82,499.50868023
1755043200000,2025-08-13 00:00:00,120123.82,123738.99,118955.05,123383.26,715.24079073
1755129600000,2025-08-14 00:00:00,123383.26,124524.44,117216.56,118392.12,1067.92217626
1755216000000,2025-08-15 00:00:00,118392.12,119343.01,116830.56,117436.75,526.75607387
1755302400000,2025-08-16 00:00:00,117436.75,118000,117224.09,117446.73,167.9019209
1755388800000,2025-08-17 00:00:00,117446.73,118645.12,117259.06,117473.37,178.031581
1755475200000,2025-08-18 00:00:00,117473.37,117649.32,114750,116263.69,580.95984312
1755561600000,2025-08-19 00:00:00,116263.69,116800,112722.64,112853.7,647.93267895
1755648000000,2025-08-20 00:00:00,112853.7,114656.36,112359.24,114308.32,458.7043223
1755734400000,2025-08-21 00:00:00,114308.32,114831.98,111959.01,112435.12,569.00153224
1755820800000,2025-08-22 00:00:00,112435.12,117435.73,111654.18,116883.72,624.49989377
1755907200000,2025-08-23 00:00:00,116883.72,116989.72,114519.06,115388.26,96.21819532
1755993600000,2025-08-24 00:00:00,115388.26,115624.44,110622.13,113476.01,294.3552414
1756080000000,2025-08-25 00:00:00,113476.01,113654.63,109290.32,110128.09,630.38037487
1756166400000,2025-08-26 00:00:00,110128.09,112408.48,108700,111789.74,532.35836826
1756252800000,2025-08-27 00:00:00,111789.74,112670.44,110375,111204.7,410.91151664
1756339200000,2025-08-28 00:00:00,111204.7,113493.57,110883.95,112571.04,415.69353252
1756425600000,2025-08-29 00:00:00,112571.04,112640.73,107480,108383.25,639.31492759
1756512000000,2025-08-30 00:00:00,108383.25,108939.35,107359.83,108832.96,181.94697388
1756598400000,2025-08-31 00:00:00,108832.96,109496.96,108073.22,108256.23,89.60870882
1756684800000,2025-09-01 00:00:00,108256.23,109922.46,107268.71,109267.28,195.57021574
1756771200000,2025-09-02 00:00:00,109267.28,111809,108408,111237.74,395.36439302
1756857600000,2025-09-03 00:00:00,111237.74,112601.74,110530.99,111759.93,321.02197973
1756944000000,2025-09-04 00:00:00,111759.93,112227.78,109341.39,110720,303.73763582
1757030400000,2025-09-05 00:00:00,110720,113384.98,110202.5,110670.35,353.4231683
1757116800000,2025-09-06 00:00:00,110670.35,111342.09,110000,110215.92,71.54391803
1757203200000,2025-09-07 00:00:00,110215.92,111615.5,110213.07,111137.71,100.89497149
1757289600000,2025-09-08 00:00:00,111137.71,112953.97,110623.37,112080,255.90809424
1757376000000,2025-09-09 00:00:00,112080,113301.8,110772.32,111515.55,247.32500142
1757462400000,2025-09-10 00:00:00,111515.55,114376.83,110917.42,113997.73,405.34630848
1757548800000,2025-09-11 00:00:00,113997.73,115553.56,113476.27,115533.98,266.9008423
1757635200000,2025-09-12 00:00:00,115533.98,116835.89,114796,116128.97,298.67060012
1757721600000,2025-09-13 00:00:00,116128.97,116367.82,115208.23,115985.88,110.63696336
1757808000000,2025-09-14 00:00:00,115985.88,116206.72,115200,115329.48,83.52639571
1757894400000,2025-09-15 00:00:00,115329.48,116790.4,114405.13,115376.25,340.58716335
1757980800000,2025-09-16 00:00:00,115376.25,117031.46,114770.01,116819.85,279.16308409
1758067200000,2025-09-17 00:00:00,116819.85,117333,114770,116476.21,331.21945398
1758153600000,2025-09-18 00:00:00,116476.21,117988.76,116154.55,117124.4,273.4633616
1758240000000,2025-09-19 00:00:00,117124.4,117527.44,115104,115690.06,243.75424352
1758326400000,2025-09-20 00:00:00,115690.06,116190.14,115467.07,115749.46,147.89693022
1758412800000,2025-09-21 00:00:00,115749.46,115908.4,115250,115326.73,343.93831277
1758499200000,2025-09-22 00:00:00,115326.73,115474.02,111905.26,112736.16,815.64382282
1758585600000,2025-09-23 00:00:00,112736.16,113354.19,111500,112013.61,317.61820998
1758672000000,2025-09-24 00:00:00,112013.61,114024.97,111091.73,113352.92,264.99195027
1758758400000,2025-09-25 00:00:00,113352.92,113562.79,108622.32,109037.59,398.79957734
1758844800000,2025-09-26 00:00:00,109037.59,110457.69,108673.54,109688.37,479.20605019
1758931200000,2025-09-27 00:00:00,109688.37,109794.02,109126.58,109691.15,130.81773305
1759017600000,2025-09-28 00:00:00,109691.15,112386.4,109233.11,112209.02,80.29602533
1759104000000,2025-09-29 00:00:00,112209.02,114492.57,111590.97,114393.67,353.06094847
1759190400000,2025-09-30 00:00:00,114393.67,114850.02,112717.42,114061.18,374.01495075
1759276800000,2025-10-01 00:00:00,114061.18,118726.52,113987.84,118625.6,594.00023224
1759363200000,2025-10-02 00:00:00,118625.6,121115,118363.9,120605.87,473.70918924
1759449600000,2025-10-03 00:00:00,120605.87,124012.64,119342.72,122309.2,608.25623565
1759536000000,2025-10-04 00:00:00,122309.2,122877.48,121587.12,122433.96,130.4827424
1759622400000,2025-10-05 00:00:00,122433.96,125369.7,122191.5,123501.88,323.94805344
1759708800000,2025-10-06 00:00:00,123501.88,126327.15,122984,124747.28,448.96405492
1759795200000,2025-10-07 00:00:00,124747.28,125233.84,120633.01,121376.43,463.61679808
1759881600000,2025-10-08 00:00:00,121376.43,124233.31,121101.89,123329.27,411.3992038
1759968000000,2025-10-09 00:00:00,123329.27,123817.83,119713.91,121702.31,408.29647156
1760054400000,2025-10-10 00:00:00,121702.31,122590.34,105000,113063.2,1037.88527968
1760140800000,2025-10-11 00:00:00,113063.2,113745.41,109699.71,110772.27,468.71255311
1760227200000,2025-10-12 00:00:00,110772.27,115866,109690.46,115056.93,347.0056691
1760313600000,2025-10-13 00:00:00,115056.93,116072.42,113699.45,115269.71,410.86393476
1760400000000,2025-10-14 00:00:00,115269.71,115495.04,109959.95,113098.21,558.57102931
1760486400000,2025-10-15 00:00:00,113098.21,113676.12,110200,110774.82,498.89321628
1760572800000,2025-10-16 00:00:00,110774.82,112035.44,107500,108216.42,683.44516425
1760659200000,2025-10-17 00:00:00,108216.42,109250,103000,106484.31,884.32595866
1760745600000,2025-10-18 00:00:00,106484.31,107534.6,106208.6,107207.88,145.82318483
1760832000000,2025-10-19 00:00:00,107207.88,109500,106136.36,108678.4,201.56155827
1760918400000,2025-10-20 00:00:00,108678.4,111737.88,107473.98,110573.42,331.12924628
1761004800000,2025-10-21 00:00:00,110573.42,114074.17,107500,108360.32,570.88337892
1761091200000,2025-10-22 00:00:00,108360.32,109183.19,106666.66,107579.79,501.79893914
1761177600000,2025-10-23 00:00:00,107579.79,111343.68,107504.26,110116.36,414.97854005
1761264000000,2025-10-24 00:00:00,110116.36,112142.27,109709.14,111040.2,441.98287276
1761350400000,2025-10-25 00:00:00,111040.2,111953.48,110700,111646.05,101.88790235
1761436800000,2025-10-26 00:00:00,111646.05,115288.5,110239.16,114532,193.29103188
1761523200000,2025-10-27 00:00:00,114532,116405.97,113843.07,114086.59,351.21694854
1761609600000,2025-10-28 00:00:00,114086.59,116123.68,112240.91,112924.38,329.42044188
1761696000000,2025-10-29 00:00:00,112924.38,113677.39,109000,110026.15,548.03539681
1761782400000,2025-10-30 00:00:00,110026.15,111636.88,106288,108292.17,577.12463275
1761868800000,2025-10-31 00:00:00,108292.17,111065.49,108234.64,109556.99,479.72657104
1761955200000,2025-11-01 00:00:00,109556.99,110476.48,109351.4,110074.48,115.04375574
1762041600000,2025-11-02 00:00:00,110074.48,111207.34,109475,110538.06,144.32111631
1762128000000,2025-11-03 00:00:00,110538.06,110750.45,105289.84,106540.48,513.58774162
1762214400000,2025-11-04 00:00:00,106540.48,107272.65,98907.01,101469,872.29924147
1762300800000,2025-11-05 00:00:00,101469,104593.92,98950,103892.84,464.7463392
1762387200000,2025-11-06 00:00:00,103892.84,104187.75,100469.56,101299.53,193.05736594
1762473600000,2025-11-07 00:00:00,101299.53,104068,99159.18,103295.01,543.6046462
1762560000000,2025-11-08 00:00:00,103295.01,103367.31,101436.06,102295.11,110.28702465
1762646400000,2025-11-09 00:00:00,102295.11,105432,101401.72,104667.79,127.43171081
1762732800000,2025-11-10 00:00:00,104667.79,106626.08,104250.82,105957.91,344.09046331
1762819200000,2025-11-11 00:00:00,105957.91,107485.17,102424.48,103008.24,252.3468726
1762905600000,2025-11-12 00:00:00,103008.24,105308.44,100780.76,101600.83,339.07470034
1762992000000,2025-11-13 00:00:00,101600.83,104015.74,97900,99617.8,638.7952107
1763078400000,2025-11-14 00:00:00,99617.8,99817.91,94000,94496.74,949.66047616
1763164800000,2025-11-15 00:00:00,94496.74,96749.29,94475.57,95546.48,216.85469206
1763251200000,2025-11-16 00:00:00,95546.48,96538.35,92890,94196.69,329.18781452
1763337600000,2025-11-17 00:00:00,94196.69,95953.07,91147.31,92086.75,841.9202619
1763424000000,2025-11-18 00:00:00,92086.75,93776.63,89211,92916.73,790.83503739
1763510400000,2025-11-19 00:00:00,92916.73,92918.84,88494.12,91459.27,709.12730652
1763596800000,2025-11-20 00:00:00,91459.27,93084.26,85947.66,86548.06,911.87348684
1763683200000,2025-11-21 00:00:00,86548.06,87398.53,80546.45,85064.69,1508.3636376
1763769600000,2025-11-22 00:00:00,85064.69,85548.8,83450,84641,278.33332101
1763856000000,2025-11-23 00:00:00,84641,88099.8,84632,86802.18,360.52964542
1763942400000,2025-11-24 00:00:00,86802.18,89224.09,85214.81,88272.07,697.98660653
1764028800000,2025-11-25 00:00:00,88272.07,88474.59,86077.07,87305.35,487.37808691
1764115200000,2025-11-26 00:00:00,87305.35,90642.87,86263.93,90468.15,447.92300563
1764201600000,2025-11-27 00:00:00,90468.15,91923,90088.62,91273.22,255.71144157
1764288000000,2025-11-28 00:00:00,91273.22,93093.65,90239.38,90907.92,434.46973647
1764374400000,2025-11-29 00:00:00,90907.92,91177.86,90217,90810.17,95.9073183
1764460800000,2025-11-30 00:00:00,90810.17,91867.12,90343.8,90377.21,96.05276919
1764547200000,2025-12-01 00:00:00,90377.21,90411.92,83821.05,86300.31,794.41654097
1764633600000,2025-12-02 00:00:00,86300.31,92305.83,86185.14,91316.46,468.82562049
1764720000000,2025-12-03 00:00:00,91316.46,94170.65,91037.19,93457.44,460.85600995
1764806400000,2025-12-04 00:00:00,93457.44,94076.89,90907.7,92053.05,350.4919843
1764892800000,2025-12-05 00:00:00,92053.05,92696.01,88125.22,89337.5,364.48377628
1764979200000,2025-12-06 00:00:00,89337.5,90256.33,88933.6,89212.47,106.47611656
1765065600000,2025-12-07 00:00:00,89212.47,91781.29,87748,90432.01,152.96833449
1765152000000,2025-12-08 00:00:00,90432.01,92301.07,89617.71,90662.41,329.11591439
1765238400000,2025-12-09 00:00:00,90662.41,94656.3,89546.85,92740.6,374.97136483
1765324800000,2025-12-10 00:00:00,92740.6,94500,91556,92017.04,422.88907437
1765411200000,2025-12-11 00:00:00,92017.04,93595.56,89286.65,92579.25,474.91209274
1765497600000,2025-12-12 00:00:00,92579.25,92790,89474,90279.24,354.34209565
1765584000000,2025-12-13 00:00:00,90279.24,90635.89,89736.73,90288.76,56.17862876
1765670400000,2025-12-14 00:00:00,90288.76,90499.26,87500,88146.99,214.98254657
1765756800000,2025-12-15 00:00:00,88146.99,90015.84,85143,86418.36,425.96428337
1765843200000,2025-12-16 00:00:00,86418.36,88139.62,85240.21,87841.59,437.30380119
1765929600000,2025-12-17 00:00:00,87841.59,90310.04,85279.54,86137.87,415.76010817
1766016000000,2025-12-18 00:00:00,86137.87,89403.87,84411.67,85460.51,517.32923678
1766102400000,2025-12-19 00:00:00,85460.51,89374.26,85046.18,88103.85,506.12900633
1766188800000,2025-12-20 00:00:00,88103.85,88500,87789.58,88320.76,90.27190204
1766275200000,2025-12-21 00:00:00,88320.76,89027.34,87551.75,88609.13,119.79248312
1766361600000,2025-12-22 00:00:00,88609.13,90546.33,87845.36,88572.06,450.87870981
1766448000000,2025-12-23 00:00:00,88572.06,88893.49,86534.8,87402.07,385.8188763
1766534400000,2025-12-24 00:00:00,87402.07,87971.67,86364.07,87589.7,261.5493039
1766620800000,2025-12-25 00:00:00,87589.7,88525.76,86922.61,87202.26,78.61664472
1766707200000,2025-12-26 00:00:00,87202.26,89473.4,86581.42,87300.94,400.06044719
1766793600000,2025-12-27 00:00:00,87300.94,87877.2,87172.03,87781.3,66.55331109
1766880000000,2025-12-28 00:00:00,87781.3,88000,87371.88,87889.89,66.92720237
1766966400000,2025-12-29 00:00:00,87889.89,90280.25,86692,87108.2,1509.3808959
1767052800000,2025-12-30 00:00:00,87108.2,89329.41,86686.41,88402.97,550.77692931
1767139200000,2025-12-31 00:00:00,88402.97,89097.73,84788,87464.14,491.80639811
1767225600000,2026-01-01 00:00:00,87464.14,88795.46,83500,88720.87,346.30632527
1767312000000,2026-01-02 00:00:00,88720.87,91335.25,84500,89942.61,827.44818016
1767398400000,2026-01-03 00:00:00,89942.61,90683.84,89309.06,90592.94,153.5127968
1767484800000,2026-01-04 00:00:00,90592.94,91749.14,90592.94,91534.46,182.99325017
1767571200000,2026-01-05 00:00:00,91534.46,94785,91466.84,93866.06,752.82657427
1767657600000,2026-01-06 00:00:00,93866.06,94420.69,91218.89,93701.27,385.36366387
1767744000000,2026-01-07 00:00:00,93701.27,93701.27,90588.7,91272.69,274.19893899
1767830400000,2026-01-08 00:00:00,91272.69,91564,89200,91018,341.54905246
1767916800000,2026-01-09 00:00:00,91018,91926.45,89600,90512.86,267.0412661
1768003200000,2026-01-10 00:00:00,90512.86,90691.15,90272,90379.96,54.08226763
1768089600000,2026-01-11 00:00:00,90379.96,91140.84,90118.54,90867.21,91.63823815
1768176000000,2026-01-12 00:00:00,90867.21,92413.41,90022.88,91184.6,317.68276008
1768262400000,2026-01-13 00:00:00,91184.6,96434.9,90941.09,95378.37,468.74980127
1768348800000,2026-01-14 00:00:00,95378.37,97932.72,94537.88,96942.11,420.68311937
1768435200000,2026-01-15 00:00:00,96942.11,97176.01,95082.2,95573.42,246.45842869
1768521600000,2026-01-16 00:00:00,95573.42,95803.75,94250.01,95529.2,148.23064767
1768608000000,2026-01-17 00:00:00,95529.2,95609.19,95008,95106.68,72.7842791
1768694400000,2026-01-18 00:00:00,95106.68,95488.01,93573.14,93660.36,81.61646708
1768780800000,2026-01-19 00:00:00,93660.36,93660.36,91878,92545.91,195.92126679
1768867200000,2026-01-20 00:00:00,92545.91,92798.12,87793.34,88308.22,321.52908284
1768953600000,2026-01-21 00:00:00,88308.22,90422.55,87168.14,89372.01,405.64712596
1769040000000,2026-01-22 00:00:00,89372.01,90276.17,88444.37,89463.67,171.86753934
1769126400000,2026-01-23 00:00:00,89463.67,91124.98,88466.76,89485.91,245.2525621
1769212800000,2026-01-24 00:00:00,89485.91,89807.27,89024.2,89071.44,121.35470082
1769299200000,2026-01-25 00:00:00,89071.44,89170.61,85977.08,86543.22,381.17961673
1769385600000,2026-01-26 00:00:00,86543.22,88750,86389.35,88247.99,791.30853356
1769472000000,2026-01-27 00:00:00,88247.99,89416.93,87187.56,89111.42,219.61649977
1769558400000,2026-01-28 00:00:00,89111.42,90467.78,88694.72,89147.33,225.72843975
1769644800000,2026-01-29 00:00:00,89147.33,89197.62,83225,84526.14,427.31940094
1769731200000,2026-01-30 00:00:00,84526.14,84587.97,81019.86,84094,568.5382257
1769817600000,2026-01-31 00:00:00,84094,84126.92,75666.66,78630.81,730.40806147
1769904000000,2026-02-01 00:00:00,78630.81,79312.71,75643.54,76881.04,405.46326707
1769990400000,2026-02-02 00:00:00,76881.04,79270.04,74525,78662.67,982.31075479
1770076800000,2026-02-03 00:00:00,78662.67,79116.02,72870,75655.59,1113.13846158
1770163200000,2026-02-04 00:00:00,75655.59,76867.17,71724.78,73007.77,1280.04396777
1770249600000,2026-02-05 00:00:00,73007.77,73177.94,62200,62776,3207.43277897
1770336000000,2026-02-06 00:00:00,62776,71665.58,60000,70525.86,1740.83994351
1770422400000,2026-02-07 00:00:00,70525.86,71632.23,67327.76,69237.21,618.66729684
1770508800000,2026-02-08 00:00:00,69237.21,72205.98,68893.15,70295.82,409.39702677
1770595200000,2026-02-09 00:00:00,70295.82,71374.41,68267.16,70101.79,682.77818213
1770681600000,2026-02-10 00:00:00,70101.79,70442.89,67856.78,68773.36,361.47731508
1770768000000,2026-02-11 00:00:00,68773.36,69236.9,65573.52,67008.94,876.43951365
1770854400000,2026-02-12 00:00:00,67008.94,68352.39,65067.62,66198.39,634.82174544
1770940800000,2026-02-13 00:00:00,66198.39,69410.15,65806.25,68826.8,537.43700153
1771027200000,2026-02-14 00:00:00,68826.8,70500,68702.08,69768.75,302.72132983
1771113600000,2026-02-15 00:00:00,69768.75,70938.52,68047.23,68786.33,219.06393341
1771200000000,2026-02-16 00:00:00,68786.33,70070.88,67265.85,68858.7,180.68292869
1771286400000,2026-02-17 00:00:00,68858.7,69169.93,66600,67468.22,246.21628532
1771372800000,2026-02-18 00:00:00,67468.22,68424.98,65850,66422.6,214.06743978
1771459200000,2026-02-19 00:00:00,66422.6,67271.8,65618.87,66939.9,247.42141408
1771545600000,2026-02-20 00:00:00,66939.9,68279.86,66470,68000.01,290.641091
1771632000000,2026-02-21 00:00:00,68000.01,68667.7,67538,67982.23,161.96326606
1771718400000,2026-02-22 00:00:00,67982.23,68244.81,67188,67607.53,73.86094187
1771804800000,2026-02-23 00:00:00,67607.53,67644.97,63873.38,64627.49,431.57215274
1771891200000,2026-02-24 00:00:00,64627.49,64991.11,62512,64045,478.60821983
1771977600000,2026-02-25 00:00:00,64045,69999,63922.07,67999.91,340.51240461
1772064000000,2026-02-26 00:00:00,67999.91,68836.77,66570,67486.48,307.05608885
1772150400000,2026-02-27 00:00:00,67486.48,68198.7,64980,65857.49,295.93321522
1772236800000,2026-02-28 00:00:00,65857.49,67750,63039.57,66998.39,255.5211343
1772323200000,2026-03-01 00:00:00,66998.39,68187.75,65043.06,65754.6,285.79580401
1772409600000,2026-03-02 00:00:00,65754.6,70046,65073.6,68811.5,462.91533928
1772496000000,2026-03-03 00:00:00,68811.5,69220.07,66185.4,68298.18,344.23089641
1772582400000,2026-03-04 00:00:00,68298.18,74086.23,67404,72679.33,645.05886035
1772668800000,2026-03-05 00:00:00,72679.33,73570.18,70656.1,70880.59,335.80001767
1772755200000,2026-03-06 00:00:00,70880.59,71364.85,67750,68118.76,202.9744769
1772841600000,2026-03-07 00:00:00,68118.76,68553.6,66958.26,67253.7,74.80862418
1772928000000,2026-03-08 00:00:00,67253.7,68194.8,65640.08,65990.1,179.11538043
1773014400000,2026-03-09 00:00:00,65990.1,69515.95,65821.34,68431.09,427.34862442
1773100800000,2026-03-10 00:00:00,68431.09,71800.43,68395.93,69963.33,428.89588846
1773187200000,2026-03-11 00:00:00,69963.33,71352.18,68985.36,70191.34,297.31539002
